date,indicador,valor
2001-01-01,Ao Setor Público,1.35
2001-02-01,Ao Setor Público,1.34
2001-03-01,Ao Setor Público,1.4
2001-04-01,Ao Setor Público,1.42
2001-05-01,Ao Setor Público,1.43
2001-06-01,Ao Setor Público,1.07
2001-07-01,Ao Setor Público,1.09
2001-08-01,Ao Setor Público,1.1
2001-09-01,Ao Setor Público,1.11
2001-10-01,Ao Setor Público,1.11
2001-11-01,Ao Setor Público,1.09
2001-12-01,Ao Setor Público,0.76
2002-01-01,Ao Setor Público,0.73
2002-02-01,Ao Setor Público,0.72
2002-03-01,Ao Setor Público,0.73
2002-04-01,Ao Setor Público,0.73
2002-05-01,Ao Setor Público,0.74
2002-06-01,Ao Setor Público,0.73
2002-07-01,Ao Setor Público,0.75
2002-08-01,Ao Setor Público,0.73
2002-09-01,Ao Setor Público,0.78
2002-10-01,Ao Setor Público,0.68
2002-11-01,Ao Setor Público,0.69
2002-12-01,Ao Setor Público,0.87
2003-01-01,Ao Setor Público,0.9
2003-02-01,Ao Setor Público,0.92
2003-03-01,Ao Setor Público,0.9
2003-04-01,Ao Setor Público,0.85
2003-05-01,Ao Setor Público,0.86
2003-06-01,Ao Setor Público,0.83
2003-07-01,Ao Setor Público,0.91
2003-08-01,Ao Setor Público,0.94
2003-09-01,Ao Setor Público,0.92
2003-10-01,Ao Setor Público,0.92
2003-11-01,Ao Setor Público,0.89
2003-12-01,Ao Setor Público,0.88
2004-01-01,Ao Setor Público,0.9
2004-02-01,Ao Setor Público,0.91
2004-03-01,Ao Setor Público,0.92
2004-04-01,Ao Setor Público,1
2004-05-01,Ao Setor Público,1
2004-06-01,Ao Setor Público,1.02
2004-07-01,Ao Setor Público,1.02
2004-08-01,Ao Setor Público,1.04
2004-09-01,Ao Setor Público,1.04
2004-10-01,Ao Setor Público,1.03
2004-11-01,Ao Setor Público,1.01
2004-12-01,Ao Setor Público,0.99
2005-01-01,Ao Setor Público,0.98
2005-02-01,Ao Setor Público,0.97
2005-03-01,Ao Setor Público,0.98
2005-04-01,Ao Setor Público,0.97
2005-05-01,Ao Setor Público,0.96
2005-06-01,Ao Setor Público,0.96
2005-07-01,Ao Setor Público,0.97
2005-08-01,Ao Setor Público,0.97
2005-09-01,Ao Setor Público,0.96
2005-10-01,Ao Setor Público,0.94
2005-11-01,Ao Setor Público,0.95
2005-12-01,Ao Setor Público,0.96
2006-01-01,Ao Setor Público,0.95
2006-02-01,Ao Setor Público,0.95
2006-03-01,Ao Setor Público,0.95
2006-04-01,Ao Setor Público,0.94
2006-05-01,Ao Setor Público,0.95
2006-06-01,Ao Setor Público,0.94
2006-07-01,Ao Setor Público,0.93
2006-08-01,Ao Setor Público,0.82
2006-09-01,Ao Setor Público,0.81
2006-10-01,Ao Setor Público,0.8
2006-11-01,Ao Setor Público,0.8
2006-12-01,Ao Setor Público,0.8
2007-01-01,Ao Setor Público,0.79
2007-02-01,Ao Setor Público,0.78
2007-03-01,Ao Setor Público,0.76
2007-04-01,Ao Setor Público,0.77
2007-05-01,Ao Setor Público,0.75
2007-06-01,Ao Setor Público,0.74
2007-07-01,Ao Setor Público,0.72
2007-08-01,Ao Setor Público,0.72
2007-09-01,Ao Setor Público,0.71
2007-10-01,Ao Setor Público,0.7
2007-11-01,Ao Setor Público,0.71
2007-12-01,Ao Setor Público,0.71
2008-01-01,Ao Setor Público,0.7
2008-02-01,Ao Setor Público,0.69
2008-03-01,Ao Setor Público,0.71
2008-04-01,Ao Setor Público,0.7
2008-05-01,Ao Setor Público,0.7
2008-06-01,Ao Setor Público,0.68
2008-07-01,Ao Setor Público,0.68
2008-08-01,Ao Setor Público,0.7
2008-09-01,Ao Setor Público,0.72
2008-10-01,Ao Setor Público,0.72
2008-11-01,Ao Setor Público,0.81
2008-12-01,Ao Setor Público,0.9
2009-01-01,Ao Setor Público,0.91
2009-02-01,Ao Setor Público,0.91
2009-03-01,Ao Setor Público,0.91
2009-04-01,Ao Setor Público,0.92
2009-05-01,Ao Setor Público,0.92
2009-06-01,Ao Setor Público,0.92
2009-07-01,Ao Setor Público,1.74
2009-08-01,Ao Setor Público,1.78
2009-09-01,Ao Setor Público,1.74
2009-10-01,Ao Setor Público,1.77
2009-11-01,Ao Setor Público,1.79
2009-12-01,Ao Setor Público,1.82
2010-01-01,Ao Setor Público,1.87
2010-02-01,Ao Setor Público,1.83
2010-03-01,Ao Setor Público,1.77
2010-04-01,Ao Setor Público,1.75
2010-05-01,Ao Setor Público,1.79
2010-06-01,Ao Setor Público,1.83
2010-07-01,Ao Setor Público,1.84
2010-08-01,Ao Setor Público,1.84
2010-09-01,Ao Setor Público,1.81
2010-10-01,Ao Setor Público,1.8
2010-11-01,Ao Setor Público,1.79
2010-12-01,Ao Setor Público,1.8
2011-01-01,Ao Setor Público,1.79
2011-02-01,Ao Setor Público,1.78
2011-03-01,Ao Setor Público,1.75
2011-04-01,Ao Setor Público,1.72
2011-05-01,Ao Setor Público,1.73
2011-06-01,Ao Setor Público,1.72
2011-07-01,Ao Setor Público,1.72
2011-08-01,Ao Setor Público,1.74
2011-09-01,Ao Setor Público,1.82
2011-10-01,Ao Setor Público,1.77
2011-11-01,Ao Setor Público,1.89
2011-12-01,Ao Setor Público,1.97
2012-01-01,Ao Setor Público,1.96
2012-02-01,Ao Setor Público,1.94
2012-03-01,Ao Setor Público,2.02
2012-04-01,Ao Setor Público,2.04
2012-05-01,Ao Setor Público,2.11
2012-06-01,Ao Setor Público,2.14
2012-07-01,Ao Setor Público,2.43
2012-08-01,Ao Setor Público,2.45
2012-09-01,Ao Setor Público,2.45
2012-10-01,Ao Setor Público,2.46
2012-11-01,Ao Setor Público,2.5
2012-12-01,Ao Setor Público,2.7
2013-01-01,Ao Setor Público,2.69
2013-02-01,Ao Setor Público,2.68
2013-03-01,Ao Setor Público,2.7
2013-04-01,Ao Setor Público,2.8
2013-05-01,Ao Setor Público,2.65
2013-06-01,Ao Setor Público,2.64
2013-07-01,Ao Setor Público,2.68
2013-08-01,Ao Setor Público,2.73
2013-09-01,Ao Setor Público,2.64
2013-10-01,Ao Setor Público,2.63
2013-11-01,Ao Setor Público,2.66
2013-12-01,Ao Setor Público,2.82
2014-01-01,Ao Setor Público,2.87
2014-02-01,Ao Setor Público,2.91
2014-03-01,Ao Setor Público,2.98
2014-04-01,Ao Setor Público,3.03
2014-05-01,Ao Setor Público,3.02
2014-06-01,Ao Setor Público,3.07
2014-07-01,Ao Setor Público,3.13
2014-08-01,Ao Setor Público,3.14
2014-09-01,Ao Setor Público,3.25
2014-10-01,Ao Setor Público,3.28
2014-11-01,Ao Setor Público,3.33
2014-12-01,Ao Setor Público,3.39
2001-01-01,Ao Setor Privado,26.1
2001-02-01,Ao Setor Privado,26.59
2001-03-01,Ao Setor Privado,26.86
2001-04-01,Ao Setor Privado,26.91
2001-05-01,Ao Setor Privado,27.11
2001-06-01,Ao Setor Privado,24.48
2001-07-01,Ao Setor Privado,24.71
2001-08-01,Ao Setor Privado,25.15
2001-09-01,Ao Setor Privado,25.64
2001-10-01,Ao Setor Privado,25.66
2001-11-01,Ao Setor Privado,25.57
2001-12-01,Ao Setor Privado,25.08
2002-01-01,Ao Setor Privado,25.01
2002-02-01,Ao Setor Privado,24.99
2002-03-01,Ao Setor Privado,24.87
2002-04-01,Ao Setor Privado,24.87
2002-05-01,Ao Setor Privado,24.98
2002-06-01,Ao Setor Privado,25.2
2002-07-01,Ao Setor Privado,25.36
2002-08-01,Ao Setor Privado,24.76
2002-09-01,Ao Setor Privado,25.97
2002-10-01,Ao Setor Privado,25.54
2002-11-01,Ao Setor Privado,25.44
2002-12-01,Ao Setor Privado,25.14
2003-01-01,Ao Setor Privado,24.82
2003-02-01,Ao Setor Privado,24.75
2003-03-01,Ao Setor Privado,24.37
2003-04-01,Ao Setor Privado,23.91
2003-05-01,Ao Setor Privado,23.81
2003-06-01,Ao Setor Privado,23.76
2003-07-01,Ao Setor Privado,23.52
2003-08-01,Ao Setor Privado,23.39
2003-09-01,Ao Setor Privado,23.35
2003-10-01,Ao Setor Privado,23.37
2003-11-01,Ao Setor Privado,23.74
2003-12-01,Ao Setor Privado,23.72
2004-01-01,Ao Setor Privado,23.4
2004-02-01,Ao Setor Privado,23.4
2004-03-01,Ao Setor Privado,23.31
2004-04-01,Ao Setor Privado,23.72
2004-05-01,Ao Setor Privado,24
2004-06-01,Ao Setor Privado,23.99
2004-07-01,Ao Setor Privado,23.93
2004-08-01,Ao Setor Privado,23.97
2004-09-01,Ao Setor Privado,24.2
2004-10-01,Ao Setor Privado,24.65
2004-11-01,Ao Setor Privado,24.69
2004-12-01,Ao Setor Privado,24.7
2005-01-01,Ao Setor Privado,24.81
2005-02-01,Ao Setor Privado,24.89
2005-03-01,Ao Setor Privado,25.07
2005-04-01,Ao Setor Privado,25.29
2005-05-01,Ao Setor Privado,25.29
2005-06-01,Ao Setor Privado,25.46
2005-07-01,Ao Setor Privado,25.62
2005-08-01,Ao Setor Privado,25.84
2005-09-01,Ao Setor Privado,25.99
2005-10-01,Ao Setor Privado,26.34
2005-11-01,Ao Setor Privado,26.76
2005-12-01,Ao Setor Privado,27.31
2006-01-01,Ao Setor Privado,27.2
2006-02-01,Ao Setor Privado,27.27
2006-03-01,Ao Setor Privado,27.51
2006-04-01,Ao Setor Privado,27.94
2006-05-01,Ao Setor Privado,28.45
2006-06-01,Ao Setor Privado,28.44
2006-07-01,Ao Setor Privado,28.65
2006-08-01,Ao Setor Privado,28.68
2006-09-01,Ao Setor Privado,28.91
2006-10-01,Ao Setor Privado,29.22
2006-11-01,Ao Setor Privado,29.74
2006-12-01,Ao Setor Privado,30.12
2007-01-01,Ao Setor Privado,30.05
2007-02-01,Ao Setor Privado,30.21
2007-03-01,Ao Setor Privado,30.33
2007-04-01,Ao Setor Privado,30.68
2007-05-01,Ao Setor Privado,30.82
2007-06-01,Ao Setor Privado,30.92
2007-07-01,Ao Setor Privado,31.35
2007-08-01,Ao Setor Privado,32
2007-09-01,Ao Setor Privado,32.3
2007-10-01,Ao Setor Privado,32.91
2007-11-01,Ao Setor Privado,33.75
2007-12-01,Ao Setor Privado,34.45
2008-01-01,Ao Setor Privado,34.44
2008-02-01,Ao Setor Privado,34.62
2008-03-01,Ao Setor Privado,35.56
2008-04-01,Ao Setor Privado,36.08
2008-05-01,Ao Setor Privado,36.65
2008-06-01,Ao Setor Privado,36.99
2008-07-01,Ao Setor Privado,37.09
2008-08-01,Ao Setor Privado,37.49
2008-09-01,Ao Setor Privado,38.42
2008-10-01,Ao Setor Privado,38.98
2008-11-01,Ao Setor Privado,39.26
2008-12-01,Ao Setor Privado,39.62
2009-01-01,Ao Setor Privado,39.55
2009-02-01,Ao Setor Privado,39.42
2009-03-01,Ao Setor Privado,39.64
2009-04-01,Ao Setor Privado,39.69
2009-05-01,Ao Setor Privado,39.97
2009-06-01,Ao Setor Privado,40.34
2009-07-01,Ao Setor Privado,40.22
2009-08-01,Ao Setor Privado,40.81
2009-09-01,Ao Setor Privado,41.29
2009-10-01,Ao Setor Privado,41.78
2009-11-01,Ao Setor Privado,42
2009-12-01,Ao Setor Privado,41.84
2010-01-01,Ao Setor Privado,41.59
2010-02-01,Ao Setor Privado,41.44
2010-03-01,Ao Setor Privado,41.39
2010-04-01,Ao Setor Privado,41.34
2010-05-01,Ao Setor Privado,41.59
2010-06-01,Ao Setor Privado,41.81
2010-07-01,Ao Setor Privado,41.73
2010-08-01,Ao Setor Privado,42.12
2010-09-01,Ao Setor Privado,42.5
2010-10-01,Ao Setor Privado,42.72
2010-11-01,Ao Setor Privado,43.08
2010-12-01,Ao Setor Privado,43.45
2011-01-01,Ao Setor Privado,43.17
2011-02-01,Ao Setor Privado,43.41
2011-03-01,Ao Setor Privado,43.64
2011-04-01,Ao Setor Privado,43.89
2011-05-01,Ao Setor Privado,44.12
2011-06-01,Ao Setor Privado,44.37
2011-07-01,Ao Setor Privado,44.56
2011-08-01,Ao Setor Privado,44.99
2011-09-01,Ao Setor Privado,45.66
2011-10-01,Ao Setor Privado,45.81
2011-11-01,Ao Setor Privado,46.37
2011-12-01,Ao Setor Privado,47.12
2012-01-01,Ao Setor Privado,46.9
2012-02-01,Ao Setor Privado,46.86
2012-03-01,Ao Setor Privado,47.31
2012-04-01,Ao Setor Privado,47.65
2012-05-01,Ao Setor Privado,48.18
2012-06-01,Ao Setor Privado,48.77
2012-07-01,Ao Setor Privado,48.68
2012-08-01,Ao Setor Privado,49.04
2012-09-01,Ao Setor Privado,49.46
2012-10-01,Ao Setor Privado,49.91
2012-11-01,Ao Setor Privado,50.31
2012-12-01,Ao Setor Privado,51.09
2013-01-01,Ao Setor Privado,50.51
2013-02-01,Ao Setor Privado,50.58
2013-03-01,Ao Setor Privado,51.48
2013-04-01,Ao Setor Privado,51.48
2013-05-01,Ao Setor Privado,51.9
2013-06-01,Ao Setor Privado,47.32
2013-07-01,Ao Setor Privado,47.12
2013-08-01,Ao Setor Privado,47.38
2013-09-01,Ao Setor Privado,47.4
2013-10-01,Ao Setor Privado,47.11
2013-11-01,Ao Setor Privado,47.47
2013-12-01,Ao Setor Privado,48.03
2014-01-01,Ao Setor Privado,47.58
2014-02-01,Ao Setor Privado,47.25
2014-03-01,Ao Setor Privado,47.27
2014-04-01,Ao Setor Privado,47.24
2014-05-01,Ao Setor Privado,47.35
2014-06-01,Ao Setor Privado,47.59
2014-07-01,Ao Setor Privado,47.36
2014-08-01,Ao Setor Privado,47.54
2014-09-01,Ao Setor Privado,47.71
2014-10-01,Ao Setor Privado,47.77
2014-11-01,Ao Setor Privado,48.1
2014-12-01,Ao Setor Privado,48.82
2001-01-01,Ao Setor Privado Industrial,7.07
2001-02-01,Ao Setor Privado Industrial,7.32
2001-03-01,Ao Setor Privado Industrial,7.45
2001-04-01,Ao Setor Privado Industrial,7.41
2001-05-01,Ao Setor Privado Industrial,7.56
2001-06-01,Ao Setor Privado Industrial,7.58
2001-07-01,Ao Setor Privado Industrial,7.79
2001-08-01,Ao Setor Privado Industrial,7.98
2001-09-01,Ao Setor Privado Industrial,8.15
2001-10-01,Ao Setor Privado Industrial,8.04
2001-11-01,Ao Setor Privado Industrial,7.82
2001-12-01,Ao Setor Privado Industrial,7.59
2002-01-01,Ao Setor Privado Industrial,7.55
2002-02-01,Ao Setor Privado Industrial,7.61
2002-03-01,Ao Setor Privado Industrial,7.54
2002-04-01,Ao Setor Privado Industrial,7.42
2002-05-01,Ao Setor Privado Industrial,7.5
2002-06-01,Ao Setor Privado Industrial,7.71
2002-07-01,Ao Setor Privado Industrial,7.91
2002-08-01,Ao Setor Privado Industrial,7.62
2002-09-01,Ao Setor Privado Industrial,8.41
2002-10-01,Ao Setor Privado Industrial,8.16
2002-11-01,Ao Setor Privado Industrial,8.12
2002-12-01,Ao Setor Privado Industrial,7.85
2003-01-01,Ao Setor Privado Industrial,7.75
2003-02-01,Ao Setor Privado Industrial,7.75
2003-03-01,Ao Setor Privado Industrial,7.53
2003-04-01,Ao Setor Privado Industrial,7.22
2003-05-01,Ao Setor Privado Industrial,7.2
2003-06-01,Ao Setor Privado Industrial,7.12
2003-07-01,Ao Setor Privado Industrial,7.03
2003-08-01,Ao Setor Privado Industrial,7
2003-09-01,Ao Setor Privado Industrial,6.91
2003-10-01,Ao Setor Privado Industrial,6.84
2003-11-01,Ao Setor Privado Industrial,6.99
2003-12-01,Ao Setor Privado Industrial,6.87
2004-01-01,Ao Setor Privado Industrial,6.59
2004-02-01,Ao Setor Privado Industrial,6.6
2004-03-01,Ao Setor Privado Industrial,6.53
2004-04-01,Ao Setor Privado Industrial,6.67
2004-05-01,Ao Setor Privado Industrial,6.74
2004-06-01,Ao Setor Privado Industrial,6.66
2004-07-01,Ao Setor Privado Industrial,6.64
2004-08-01,Ao Setor Privado Industrial,6.55
2004-09-01,Ao Setor Privado Industrial,6.51
2004-10-01,Ao Setor Privado Industrial,6.54
2004-11-01,Ao Setor Privado Industrial,6.5
2004-12-01,Ao Setor Privado Industrial,6.43
2005-01-01,Ao Setor Privado Industrial,6.38
2005-02-01,Ao Setor Privado Industrial,6.38
2005-03-01,Ao Setor Privado Industrial,6.34
2005-04-01,Ao Setor Privado Industrial,6.37
2005-05-01,Ao Setor Privado Industrial,6.33
2005-06-01,Ao Setor Privado Industrial,6.33
2005-07-01,Ao Setor Privado Industrial,6.39
2005-08-01,Ao Setor Privado Industrial,6.39
2005-09-01,Ao Setor Privado Industrial,6.27
2005-10-01,Ao Setor Privado Industrial,6.33
2005-11-01,Ao Setor Privado Industrial,6.31
2005-12-01,Ao Setor Privado Industrial,6.47
2006-01-01,Ao Setor Privado Industrial,6.31
2006-02-01,Ao Setor Privado Industrial,6.27
2006-03-01,Ao Setor Privado Industrial,6.31
2006-04-01,Ao Setor Privado Industrial,6.43
2006-05-01,Ao Setor Privado Industrial,6.59
2006-06-01,Ao Setor Privado Industrial,6.47
2006-07-01,Ao Setor Privado Industrial,6.53
2006-08-01,Ao Setor Privado Industrial,6.51
2006-09-01,Ao Setor Privado Industrial,6.56
2006-10-01,Ao Setor Privado Industrial,6.61
2006-11-01,Ao Setor Privado Industrial,6.7
2006-12-01,Ao Setor Privado Industrial,6.95
2007-01-01,Ao Setor Privado Industrial,6.91
2007-02-01,Ao Setor Privado Industrial,6.93
2007-03-01,Ao Setor Privado Industrial,6.84
2007-04-01,Ao Setor Privado Industrial,7.09
2007-05-01,Ao Setor Privado Industrial,6.99
2007-06-01,Ao Setor Privado Industrial,6.98
2007-07-01,Ao Setor Privado Industrial,7.12
2007-08-01,Ao Setor Privado Industrial,7.33
2007-09-01,Ao Setor Privado Industrial,7.37
2007-10-01,Ao Setor Privado Industrial,7.53
2007-11-01,Ao Setor Privado Industrial,7.77
2007-12-01,Ao Setor Privado Industrial,8.03
2008-01-01,Ao Setor Privado Industrial,8.01
2008-02-01,Ao Setor Privado Industrial,8.06
2008-03-01,Ao Setor Privado Industrial,8.42
2008-04-01,Ao Setor Privado Industrial,8.58
2008-05-01,Ao Setor Privado Industrial,8.63
2008-06-01,Ao Setor Privado Industrial,8.63
2008-07-01,Ao Setor Privado Industrial,8.63
2008-08-01,Ao Setor Privado Industrial,8.74
2008-09-01,Ao Setor Privado Industrial,9.14
2008-10-01,Ao Setor Privado Industrial,9.35
2008-11-01,Ao Setor Privado Industrial,9.63
2008-12-01,Ao Setor Privado Industrial,9.78
2009-01-01,Ao Setor Privado Industrial,9.67
2009-02-01,Ao Setor Privado Industrial,9.8
2009-03-01,Ao Setor Privado Industrial,9.78
2009-04-01,Ao Setor Privado Industrial,9.66
2009-05-01,Ao Setor Privado Industrial,9.57
2009-06-01,Ao Setor Privado Industrial,9.67
2009-07-01,Ao Setor Privado Industrial,9.56
2009-08-01,Ao Setor Privado Industrial,9.5
2009-09-01,Ao Setor Privado Industrial,9.53
2009-10-01,Ao Setor Privado Industrial,9.51
2009-11-01,Ao Setor Privado Industrial,9.54
2009-12-01,Ao Setor Privado Industrial,9.41
2010-01-01,Ao Setor Privado Industrial,9.31
2010-02-01,Ao Setor Privado Industrial,9.23
2010-03-01,Ao Setor Privado Industrial,9.13
2010-04-01,Ao Setor Privado Industrial,9.01
2010-05-01,Ao Setor Privado Industrial,9.05
2010-06-01,Ao Setor Privado Industrial,9.25
2010-07-01,Ao Setor Privado Industrial,9.26
2010-08-01,Ao Setor Privado Industrial,9.42
2010-09-01,Ao Setor Privado Industrial,9.52
2010-10-01,Ao Setor Privado Industrial,9.59
2010-11-01,Ao Setor Privado Industrial,9.62
2010-12-01,Ao Setor Privado Industrial,9.58
2011-01-01,Ao Setor Privado Industrial,9.5
2011-02-01,Ao Setor Privado Industrial,9.51
2011-03-01,Ao Setor Privado Industrial,9.47
2011-04-01,Ao Setor Privado Industrial,9.58
2011-05-01,Ao Setor Privado Industrial,9.58
2011-06-01,Ao Setor Privado Industrial,9.63
2011-07-01,Ao Setor Privado Industrial,9.62
2011-08-01,Ao Setor Privado Industrial,9.67
2011-09-01,Ao Setor Privado Industrial,9.86
2011-10-01,Ao Setor Privado Industrial,9.84
2011-11-01,Ao Setor Privado Industrial,9.94
2011-12-01,Ao Setor Privado Industrial,10.09
2012-01-01,Ao Setor Privado Industrial,9.9
2012-02-01,Ao Setor Privado Industrial,9.86
2012-03-01,Ao Setor Privado Industrial,9.97
2012-04-01,Ao Setor Privado Industrial,10.04
2012-05-01,Ao Setor Privado Industrial,10.12
2012-06-01,Ao Setor Privado Industrial,10.24
2012-07-01,Ao Setor Privado Industrial,10.22
2012-08-01,Ao Setor Privado Industrial,10.18
2012-09-01,Ao Setor Privado Industrial,10.31
2012-10-01,Ao Setor Privado Industrial,10.38
2012-11-01,Ao Setor Privado Industrial,10.43
2012-12-01,Ao Setor Privado Industrial,10.5
2013-01-01,Ao Setor Privado Industrial,10.2
2013-02-01,Ao Setor Privado Industrial,10.32
2013-03-01,Ao Setor Privado Industrial,10.52
2013-04-01,Ao Setor Privado Industrial,10.4
2013-05-01,Ao Setor Privado Industrial,10.47
2013-06-01,Ao Setor Privado Industrial,9.56
2013-07-01,Ao Setor Privado Industrial,9.44
2013-08-01,Ao Setor Privado Industrial,9.46
2013-09-01,Ao Setor Privado Industrial,9.49
2013-10-01,Ao Setor Privado Industrial,9.4
2013-11-01,Ao Setor Privado Industrial,9.48
2013-12-01,Ao Setor Privado Industrial,9.69
2014-01-01,Ao Setor Privado Industrial,9.49
2014-02-01,Ao Setor Privado Industrial,9.44
2014-03-01,Ao Setor Privado Industrial,9.47
2014-04-01,Ao Setor Privado Industrial,9.38
2014-05-01,Ao Setor Privado Industrial,9.4
2014-06-01,Ao Setor Privado Industrial,9.45
2014-07-01,Ao Setor Privado Industrial,9.38
2014-08-01,Ao Setor Privado Industrial,9.38
2014-09-01,Ao Setor Privado Industrial,9.35
2014-10-01,Ao Setor Privado Industrial,9.33
2014-11-01,Ao Setor Privado Industrial,9.4
2014-12-01,Ao Setor Privado Industrial,9.56
2007-03-01,Ao Setor de Habitação,1.62
2007-04-01,Ao Setor de Habitação,1.65
2007-05-01,Ao Setor de Habitação,1.66
2007-06-01,Ao Setor de Habitação,1.68
2007-07-01,Ao Setor de Habitação,1.69
2007-08-01,Ao Setor de Habitação,1.73
2007-09-01,Ao Setor de Habitação,1.75
2007-10-01,Ao Setor de Habitação,1.77
2007-11-01,Ao Setor de Habitação,1.8
2007-12-01,Ao Setor de Habitação,1.84
2008-01-01,Ao Setor de Habitação,1.84
2008-02-01,Ao Setor de Habitação,1.85
2008-03-01,Ao Setor de Habitação,1.88
2008-04-01,Ao Setor de Habitação,1.91
2008-05-01,Ao Setor de Habitação,1.94
2008-06-01,Ao Setor de Habitação,1.97
2008-07-01,Ao Setor de Habitação,2.01
2008-08-01,Ao Setor de Habitação,2.06
2008-09-01,Ao Setor de Habitação,2.11
2008-10-01,Ao Setor de Habitação,2.15
2008-11-01,Ao Setor de Habitação,2.2
2008-12-01,Ao Setor de Habitação,2.27
2009-01-01,Ao Setor de Habitação,2.32
2009-02-01,Ao Setor de Habitação,2.37
2009-03-01,Ao Setor de Habitação,2.42
2009-04-01,Ao Setor de Habitação,2.49
2009-05-01,Ao Setor de Habitação,2.56
2009-06-01,Ao Setor de Habitação,2.64
2009-07-01,Ao Setor de Habitação,2.58
2009-08-01,Ao Setor de Habitação,2.84
2009-09-01,Ao Setor de Habitação,2.94
2009-10-01,Ao Setor de Habitação,3.01
2009-11-01,Ao Setor de Habitação,3.03
2009-12-01,Ao Setor de Habitação,3.07
2010-01-01,Ao Setor de Habitação,3.19
2010-02-01,Ao Setor de Habitação,3.24
2010-03-01,Ao Setor de Habitação,3.32
2010-04-01,Ao Setor de Habitação,3.39
2010-05-01,Ao Setor de Habitação,3.46
2010-06-01,Ao Setor de Habitação,3.54
2010-07-01,Ao Setor de Habitação,3.63
2010-08-01,Ao Setor de Habitação,3.72
2010-09-01,Ao Setor de Habitação,3.82
2010-10-01,Ao Setor de Habitação,3.88
2010-11-01,Ao Setor de Habitação,3.95
2010-12-01,Ao Setor de Habitação,4.08
2011-01-01,Ao Setor de Habitação,4.14
2011-02-01,Ao Setor de Habitação,4.15
2011-03-01,Ao Setor de Habitação,4.31
2011-04-01,Ao Setor de Habitação,4.37
2011-05-01,Ao Setor de Habitação,4.48
2011-06-01,Ao Setor de Habitação,4.6
2011-07-01,Ao Setor de Habitação,4.73
2011-08-01,Ao Setor de Habitação,4.94
2011-09-01,Ao Setor de Habitação,5.02
2011-10-01,Ao Setor de Habitação,5.12
2011-11-01,Ao Setor de Habitação,5.25
2011-12-01,Ao Setor de Habitação,5.35
2012-01-01,Ao Setor de Habitação,5.46
2012-02-01,Ao Setor de Habitação,5.56
2012-03-01,Ao Setor de Habitação,5.68
2012-04-01,Ao Setor de Habitação,5.78
2012-05-01,Ao Setor de Habitação,5.9
2012-06-01,Ao Setor de Habitação,6.05
2012-07-01,Ao Setor de Habitação,6.17
2012-08-01,Ao Setor de Habitação,6.33
2012-09-01,Ao Setor de Habitação,6.4
2012-10-01,Ao Setor de Habitação,6.54
2012-11-01,Ao Setor de Habitação,6.65
2012-12-01,Ao Setor de Habitação,6.78
2013-01-01,Ao Setor de Habitação,6.84
2013-02-01,Ao Setor de Habitação,6.93
2013-03-01,Ao Setor de Habitação,7.11
2013-04-01,Ao Setor de Habitação,7.24
2013-05-01,Ao Setor de Habitação,7.39
2013-06-01,Ao Setor de Habitação,6.82
2013-07-01,Ao Setor de Habitação,6.94
2013-08-01,Ao Setor de Habitação,7.09
2013-09-01,Ao Setor de Habitação,7.14
2013-10-01,Ao Setor de Habitação,7.15
2013-11-01,Ao Setor de Habitação,7.24
2013-12-01,Ao Setor de Habitação,7.33
2014-01-01,Ao Setor de Habitação,7.4
2014-02-01,Ao Setor de Habitação,7.47
2014-03-01,Ao Setor de Habitação,7.56
2014-04-01,Ao Setor de Habitação,7.66
2014-05-01,Ao Setor de Habitação,7.8
2014-06-01,Ao Setor de Habitação,7.94
2014-07-01,Ao Setor de Habitação,8.07
2014-08-01,Ao Setor de Habitação,8.19
2014-09-01,Ao Setor de Habitação,8.25
2014-10-01,Ao Setor de Habitação,8.38
2014-11-01,Ao Setor de Habitação,8.49
2014-12-01,Ao Setor de Habitação,8.61
2001-01-01,Ao Setor rural,2.35
2001-02-01,Ao Setor rural,2.39
2001-03-01,Ao Setor rural,2.36
2001-04-01,Ao Setor rural,2.35
2001-05-01,Ao Setor rural,2.35
2001-06-01,Ao Setor rural,1.94
2001-07-01,Ao Setor rural,1.93
2001-08-01,Ao Setor rural,1.96
2001-09-01,Ao Setor rural,2.03
2001-10-01,Ao Setor rural,2.1
2001-11-01,Ao Setor rural,2.14
2001-12-01,Ao Setor rural,2.09
2002-01-01,Ao Setor rural,2.08
2002-02-01,Ao Setor rural,2.15
2002-03-01,Ao Setor rural,2.13
2002-04-01,Ao Setor rural,2.12
2002-05-01,Ao Setor rural,2.12
2002-06-01,Ao Setor rural,2.11
2002-07-01,Ao Setor rural,2.04
2002-08-01,Ao Setor rural,2.04
2002-09-01,Ao Setor rural,2.13
2002-10-01,Ao Setor rural,2.23
2002-11-01,Ao Setor rural,2.26
2002-12-01,Ao Setor rural,2.35
2003-01-01,Ao Setor rural,2.41
2003-02-01,Ao Setor rural,2.46
2003-03-01,Ao Setor rural,2.45
2003-04-01,Ao Setor rural,2.46
2003-05-01,Ao Setor rural,2.5
2003-06-01,Ao Setor rural,2.56
2003-07-01,Ao Setor rural,2.53
2003-08-01,Ao Setor rural,2.55
2003-09-01,Ao Setor rural,2.65
2003-10-01,Ao Setor rural,2.73
2003-11-01,Ao Setor rural,2.76
2003-12-01,Ao Setor rural,2.78
2004-01-01,Ao Setor rural,2.75
2004-02-01,Ao Setor rural,2.75
2004-03-01,Ao Setor rural,2.73
2004-04-01,Ao Setor rural,2.75
2004-05-01,Ao Setor rural,2.75
2004-06-01,Ao Setor rural,2.79
2004-07-01,Ao Setor rural,2.71
2004-08-01,Ao Setor rural,2.72
2004-09-01,Ao Setor rural,2.85
2004-10-01,Ao Setor rural,2.9
2004-11-01,Ao Setor rural,2.96
2004-12-01,Ao Setor rural,3.01
2005-01-01,Ao Setor rural,2.99
2005-02-01,Ao Setor rural,2.95
2005-03-01,Ao Setor rural,2.95
2005-04-01,Ao Setor rural,2.97
2005-05-01,Ao Setor rural,2.94
2005-06-01,Ao Setor rural,2.94
2005-07-01,Ao Setor rural,2.86
2005-08-01,Ao Setor rural,2.81
2005-09-01,Ao Setor rural,2.85
2005-10-01,Ao Setor rural,2.94
2005-11-01,Ao Setor rural,2.99
2005-12-01,Ao Setor rural,3.07
2006-01-01,Ao Setor rural,3.07
2006-02-01,Ao Setor rural,3.06
2006-03-01,Ao Setor rural,3.08
2006-04-01,Ao Setor rural,3.1
2006-05-01,Ao Setor rural,3.13
2006-06-01,Ao Setor rural,3.15
2006-07-01,Ao Setor rural,3.1
2006-08-01,Ao Setor rural,3.08
2006-09-01,Ao Setor rural,3.14
2006-10-01,Ao Setor rural,3.21
2006-11-01,Ao Setor rural,3.24
2006-12-01,Ao Setor rural,3.28
2007-01-01,Ao Setor rural,3.29
2007-02-01,Ao Setor rural,3.28
2007-03-01,Ao Setor rural,3.31
2007-04-01,Ao Setor rural,3.29
2007-05-01,Ao Setor rural,3.28
2007-06-01,Ao Setor rural,3.26
2007-07-01,Ao Setor rural,3.22
2007-08-01,Ao Setor rural,3.22
2007-09-01,Ao Setor rural,3.26
2007-10-01,Ao Setor rural,3.32
2007-11-01,Ao Setor rural,3.37
2007-12-01,Ao Setor rural,3.37
2008-01-01,Ao Setor rural,3.36
2008-02-01,Ao Setor rural,3.35
2008-03-01,Ao Setor rural,3.37
2008-04-01,Ao Setor rural,3.39
2008-05-01,Ao Setor rural,3.43
2008-06-01,Ao Setor rural,3.46
2008-07-01,Ao Setor rural,3.4
2008-08-01,Ao Setor rural,3.36
2008-09-01,Ao Setor rural,3.42
2008-10-01,Ao Setor rural,3.41
2008-11-01,Ao Setor rural,3.41
2008-12-01,Ao Setor rural,3.44
2009-01-01,Ao Setor rural,3.43
2009-02-01,Ao Setor rural,3.43
2009-03-01,Ao Setor rural,3.43
2009-04-01,Ao Setor rural,3.42
2009-05-01,Ao Setor rural,3.41
2009-06-01,Ao Setor rural,3.4
2009-07-01,Ao Setor rural,3.41
2009-08-01,Ao Setor rural,3.45
2009-09-01,Ao Setor rural,3.48
2009-10-01,Ao Setor rural,3.53
2009-11-01,Ao Setor rural,3.5
2009-12-01,Ao Setor rural,3.47
2010-01-01,Ao Setor rural,3.47
2010-02-01,Ao Setor rural,3.42
2010-03-01,Ao Setor rural,3.4
2010-04-01,Ao Setor rural,3.34
2010-05-01,Ao Setor rural,3.32
2010-06-01,Ao Setor rural,3.28
2010-07-01,Ao Setor rural,3.25
2010-08-01,Ao Setor rural,3.28
2010-09-01,Ao Setor rural,3.29
2010-10-01,Ao Setor rural,3.29
2010-11-01,Ao Setor rural,3.27
2010-12-01,Ao Setor rural,3.29
2011-01-01,Ao Setor rural,3.27
2011-02-01,Ao Setor rural,3.26
2011-03-01,Ao Setor rural,3.26
2011-04-01,Ao Setor rural,3.27
2011-05-01,Ao Setor rural,3.25
2011-06-01,Ao Setor rural,3.23
2011-07-01,Ao Setor rural,3.19
2011-08-01,Ao Setor rural,3.22
2011-09-01,Ao Setor rural,3.27
2011-10-01,Ao Setor rural,3.31
2011-11-01,Ao Setor rural,3.34
2011-12-01,Ao Setor rural,3.4
2012-01-01,Ao Setor rural,3.41
2012-02-01,Ao Setor rural,3.38
2012-03-01,Ao Setor rural,3.41
2012-04-01,Ao Setor rural,3.41
2012-05-01,Ao Setor rural,3.4
2012-06-01,Ao Setor rural,3.41
2012-07-01,Ao Setor rural,3.35
2012-08-01,Ao Setor rural,3.47
2012-09-01,Ao Setor rural,3.53
2012-10-01,Ao Setor rural,3.64
2012-11-01,Ao Setor rural,3.69
2012-12-01,Ao Setor rural,3.81
2013-01-01,Ao Setor rural,3.78
2013-02-01,Ao Setor rural,3.8
2013-03-01,Ao Setor rural,3.85
2013-04-01,Ao Setor rural,3.88
2013-05-01,Ao Setor rural,3.9
2013-06-01,Ao Setor rural,3.76
2013-07-01,Ao Setor rural,3.68
2013-08-01,Ao Setor rural,3.75
2013-09-01,Ao Setor rural,3.83
2013-10-01,Ao Setor rural,3.86
2013-11-01,Ao Setor rural,3.94
2013-12-01,Ao Setor rural,4.09
2014-01-01,Ao Setor rural,4.11
2014-02-01,Ao Setor rural,4.12
2014-03-01,Ao Setor rural,4.17
2014-04-01,Ao Setor rural,4.21
2014-05-01,Ao Setor rural,4.25
2014-06-01,Ao Setor rural,4.28
2014-07-01,Ao Setor rural,4.25
2014-08-01,Ao Setor rural,4.32
2014-09-01,Ao Setor rural,4.37
2014-10-01,Ao Setor rural,4.36
2014-11-01,Ao Setor rural,4.39
2014-12-01,Ao Setor rural,4.46
2001-01-01,Ao Setor Comercial,2.66
2001-02-01,Ao Setor Comercial,2.73
2001-03-01,Ao Setor Comercial,2.75
2001-04-01,Ao Setor Comercial,2.76
2001-05-01,Ao Setor Comercial,2.76
2001-06-01,Ao Setor Comercial,2.84
2001-07-01,Ao Setor Comercial,2.83
2001-08-01,Ao Setor Comercial,2.83
2001-09-01,Ao Setor Comercial,2.88
2001-10-01,Ao Setor Comercial,2.86
2001-11-01,Ao Setor Comercial,2.86
2001-12-01,Ao Setor Comercial,2.79
2002-01-01,Ao Setor Comercial,2.76
2002-02-01,Ao Setor Comercial,2.72
2002-03-01,Ao Setor Comercial,2.7
2002-04-01,Ao Setor Comercial,2.7
2002-05-01,Ao Setor Comercial,2.71
2002-06-01,Ao Setor Comercial,2.8
2002-07-01,Ao Setor Comercial,2.81
2002-08-01,Ao Setor Comercial,2.74
2002-09-01,Ao Setor Comercial,2.86
2002-10-01,Ao Setor Comercial,2.78
2002-11-01,Ao Setor Comercial,2.79
2002-12-01,Ao Setor Comercial,2.73
2003-01-01,Ao Setor Comercial,2.66
2003-02-01,Ao Setor Comercial,2.66
2003-03-01,Ao Setor Comercial,2.6
2003-04-01,Ao Setor Comercial,2.59
2003-05-01,Ao Setor Comercial,2.56
2003-06-01,Ao Setor Comercial,2.54
2003-07-01,Ao Setor Comercial,2.5
2003-08-01,Ao Setor Comercial,2.48
2003-09-01,Ao Setor Comercial,2.48
2003-10-01,Ao Setor Comercial,2.49
2003-11-01,Ao Setor Comercial,2.54
2003-12-01,Ao Setor Comercial,2.55
2004-01-01,Ao Setor Comercial,2.53
2004-02-01,Ao Setor Comercial,2.54
2004-03-01,Ao Setor Comercial,2.52
2004-04-01,Ao Setor Comercial,2.58
2004-05-01,Ao Setor Comercial,2.66
2004-06-01,Ao Setor Comercial,2.69
2004-07-01,Ao Setor Comercial,2.68
2004-08-01,Ao Setor Comercial,2.75
2004-09-01,Ao Setor Comercial,2.81
2004-10-01,Ao Setor Comercial,2.83
2004-11-01,Ao Setor Comercial,2.87
2004-12-01,Ao Setor Comercial,2.82
2005-01-01,Ao Setor Comercial,2.82
2005-02-01,Ao Setor Comercial,2.88
2005-03-01,Ao Setor Comercial,2.87
2005-04-01,Ao Setor Comercial,2.87
2005-05-01,Ao Setor Comercial,2.85
2005-06-01,Ao Setor Comercial,2.86
2005-07-01,Ao Setor Comercial,2.85
2005-08-01,Ao Setor Comercial,2.87
2005-09-01,Ao Setor Comercial,2.92
2005-10-01,Ao Setor Comercial,2.95
2005-11-01,Ao Setor Comercial,3.01
2005-12-01,Ao Setor Comercial,3
2006-01-01,Ao Setor Comercial,2.97
2006-02-01,Ao Setor Comercial,3.01
2006-03-01,Ao Setor Comercial,3.03
2006-04-01,Ao Setor Comercial,3.06
2006-05-01,Ao Setor Comercial,3.08
2006-06-01,Ao Setor Comercial,3.14
2006-07-01,Ao Setor Comercial,3.15
2006-08-01,Ao Setor Comercial,3.15
2006-09-01,Ao Setor Comercial,3.19
2006-10-01,Ao Setor Comercial,3.25
2006-11-01,Ao Setor Comercial,3.33
2006-12-01,Ao Setor Comercial,3.31
2007-01-01,Ao Setor Comercial,3.13
2007-02-01,Ao Setor Comercial,3.22
2007-03-01,Ao Setor Comercial,3.23
2007-04-01,Ao Setor Comercial,3.23
2007-05-01,Ao Setor Comercial,3.23
2007-06-01,Ao Setor Comercial,3.29
2007-07-01,Ao Setor Comercial,3.29
2007-08-01,Ao Setor Comercial,3.37
2007-09-01,Ao Setor Comercial,3.4
2007-10-01,Ao Setor Comercial,3.48
2007-11-01,Ao Setor Comercial,3.61
2007-12-01,Ao Setor Comercial,3.67
2008-01-01,Ao Setor Comercial,3.6
2008-02-01,Ao Setor Comercial,3.64
2008-03-01,Ao Setor Comercial,3.73
2008-04-01,Ao Setor Comercial,3.78
2008-05-01,Ao Setor Comercial,3.82
2008-06-01,Ao Setor Comercial,3.91
2008-07-01,Ao Setor Comercial,3.92
2008-08-01,Ao Setor Comercial,4.04
2008-09-01,Ao Setor Comercial,4.08
2008-10-01,Ao Setor Comercial,4.11
2008-11-01,Ao Setor Comercial,4.13
2008-12-01,Ao Setor Comercial,4.12
2009-01-01,Ao Setor Comercial,4.03
2009-02-01,Ao Setor Comercial,3.9
2009-03-01,Ao Setor Comercial,3.9
2009-04-01,Ao Setor Comercial,3.89
2009-05-01,Ao Setor Comercial,3.9
2009-06-01,Ao Setor Comercial,3.91
2009-07-01,Ao Setor Comercial,3.93
2009-08-01,Ao Setor Comercial,4
2009-09-01,Ao Setor Comercial,4.07
2009-10-01,Ao Setor Comercial,4.16
2009-11-01,Ao Setor Comercial,4.22
2009-12-01,Ao Setor Comercial,4.21
2010-01-01,Ao Setor Comercial,4.14
2010-02-01,Ao Setor Comercial,4.14
2010-03-01,Ao Setor Comercial,4.11
2010-04-01,Ao Setor Comercial,4.13
2010-05-01,Ao Setor Comercial,4.27
2010-06-01,Ao Setor Comercial,4.33
2010-07-01,Ao Setor Comercial,4.33
2010-08-01,Ao Setor Comercial,4.35
2010-09-01,Ao Setor Comercial,4.39
2010-10-01,Ao Setor Comercial,4.45
2010-11-01,Ao Setor Comercial,4.52
2010-12-01,Ao Setor Comercial,4.58
2011-01-01,Ao Setor Comercial,4.5
2011-02-01,Ao Setor Comercial,4.58
2011-03-01,Ao Setor Comercial,4.61
2011-04-01,Ao Setor Comercial,4.63
2011-05-01,Ao Setor Comercial,4.65
2011-06-01,Ao Setor Comercial,4.7
2011-07-01,Ao Setor Comercial,4.72
2011-08-01,Ao Setor Comercial,4.75
2011-09-01,Ao Setor Comercial,4.83
2011-10-01,Ao Setor Comercial,4.83
2011-11-01,Ao Setor Comercial,4.94
2011-12-01,Ao Setor Comercial,5.03
2012-01-01,Ao Setor Comercial,4.91
2012-02-01,Ao Setor Comercial,4.88
2012-03-01,Ao Setor Comercial,4.93
2012-04-01,Ao Setor Comercial,4.97
2012-05-01,Ao Setor Comercial,4.98
2012-06-01,Ao Setor Comercial,5.03
2012-07-01,Ao Setor Comercial,4.99
2012-08-01,Ao Setor Comercial,4.96
2012-09-01,Ao Setor Comercial,5.03
2012-10-01,Ao Setor Comercial,5.03
2012-11-01,Ao Setor Comercial,5.07
2012-12-01,Ao Setor Comercial,5.16
2013-01-01,Ao Setor Comercial,5.01
2013-02-01,Ao Setor Comercial,4.97
2013-03-01,Ao Setor Comercial,5.08
2013-04-01,Ao Setor Comercial,5.04
2013-05-01,Ao Setor Comercial,5.04
2013-06-01,Ao Setor Comercial,4.58
2013-07-01,Ao Setor Comercial,4.47
2013-08-01,Ao Setor Comercial,4.49
2013-09-01,Ao Setor Comercial,4.5
2013-10-01,Ao Setor Comercial,4.47
2013-11-01,Ao Setor Comercial,4.52
2013-12-01,Ao Setor Comercial,4.54
2014-01-01,Ao Setor Comercial,4.37
2014-02-01,Ao Setor Comercial,4.35
2014-03-01,Ao Setor Comercial,4.34
2014-04-01,Ao Setor Comercial,4.3
2014-05-01,Ao Setor Comercial,4.27
2014-06-01,Ao Setor Comercial,4.3
2014-07-01,Ao Setor Comercial,4.22
2014-08-01,Ao Setor Comercial,4.2
2014-09-01,Ao Setor Comercial,4.26
2014-10-01,Ao Setor Comercial,4.26
2014-11-01,Ao Setor Comercial,4.34
2014-12-01,Ao Setor Comercial,4.4
2001-01-01,Pessoas Físicas,5.52
2001-02-01,Pessoas Físicas,5.61
2001-03-01,Pessoas Físicas,5.76
2001-04-01,Pessoas Físicas,5.89
2001-05-01,Pessoas Físicas,5.97
2001-06-01,Pessoas Físicas,6
2001-07-01,Pessoas Físicas,6.02
2001-08-01,Pessoas Físicas,6.06
2001-09-01,Pessoas Físicas,6.09
2001-10-01,Pessoas Físicas,6.15
2001-11-01,Pessoas Físicas,6.2
2001-12-01,Pessoas Físicas,6.17
2002-01-01,Pessoas Físicas,6.21
2002-02-01,Pessoas Físicas,6.22
2002-03-01,Pessoas Físicas,6.23
2002-04-01,Pessoas Físicas,6.37
2002-05-01,Pessoas Físicas,6.38
2002-06-01,Pessoas Físicas,6.28
2002-07-01,Pessoas Físicas,6.19
2002-08-01,Pessoas Físicas,6.13
2002-09-01,Pessoas Físicas,6.1
2002-10-01,Pessoas Físicas,6.1
2002-11-01,Pessoas Físicas,6.04
2002-12-01,Pessoas Físicas,5.97
2003-01-01,Pessoas Físicas,5.77
2003-02-01,Pessoas Físicas,5.73
2003-03-01,Pessoas Físicas,5.73
2003-04-01,Pessoas Físicas,5.75
2003-05-01,Pessoas Físicas,5.76
2003-06-01,Pessoas Físicas,5.77
2003-07-01,Pessoas Físicas,5.75
2003-08-01,Pessoas Físicas,5.74
2003-09-01,Pessoas Físicas,5.77
2003-10-01,Pessoas Físicas,5.78
2003-11-01,Pessoas Físicas,5.8
2003-12-01,Pessoas Físicas,5.82
2004-01-01,Pessoas Físicas,5.84
2004-02-01,Pessoas Físicas,5.91
2004-03-01,Pessoas Físicas,5.91
2004-04-01,Pessoas Físicas,6.1
2004-05-01,Pessoas Físicas,6.17
2004-06-01,Pessoas Físicas,6.21
2004-07-01,Pessoas Físicas,6.29
2004-08-01,Pessoas Físicas,6.41
2004-09-01,Pessoas Físicas,6.51
2004-10-01,Pessoas Físicas,6.75
2004-11-01,Pessoas Físicas,6.88
2004-12-01,Pessoas Físicas,7.03
2005-01-01,Pessoas Físicas,7.16
2005-02-01,Pessoas Físicas,7.25
2005-03-01,Pessoas Físicas,7.43
2005-04-01,Pessoas Físicas,7.58
2005-05-01,Pessoas Físicas,7.81
2005-06-01,Pessoas Físicas,7.93
2005-07-01,Pessoas Físicas,8.04
2005-08-01,Pessoas Físicas,8.26
2005-09-01,Pessoas Físicas,8.42
2005-10-01,Pessoas Físicas,8.56
2005-11-01,Pessoas Físicas,8.68
2005-12-01,Pessoas Físicas,8.79
2006-01-01,Pessoas Físicas,8.92
2006-02-01,Pessoas Físicas,8.99
2006-03-01,Pessoas Físicas,9.11
2006-04-01,Pessoas Físicas,9.26
2006-05-01,Pessoas Físicas,9.45
2006-06-01,Pessoas Físicas,9.45
2006-07-01,Pessoas Físicas,9.56
2006-08-01,Pessoas Físicas,9.68
2006-09-01,Pessoas Físicas,9.67
2006-10-01,Pessoas Físicas,9.81
2006-11-01,Pessoas Físicas,9.95
2006-12-01,Pessoas Físicas,9.95
2007-01-01,Pessoas Físicas,10.05
2007-02-01,Pessoas Físicas,10.13
2007-03-01,Pessoas Físicas,10.33
2007-04-01,Pessoas Físicas,10.67
2007-05-01,Pessoas Físicas,10.92
2007-06-01,Pessoas Físicas,11.04
2007-07-01,Pessoas Físicas,11.34
2007-08-01,Pessoas Físicas,11.49
2007-09-01,Pessoas Físicas,11.64
2007-10-01,Pessoas Físicas,11.9
2007-11-01,Pessoas Físicas,12.11
2007-12-01,Pessoas Físicas,12.27
2008-01-01,Pessoas Físicas,12.41
2008-02-01,Pessoas Físicas,12.44
2008-03-01,Pessoas Físicas,12.72
2008-04-01,Pessoas Físicas,12.95
2008-05-01,Pessoas Físicas,13.15
2008-06-01,Pessoas Físicas,13.18
2008-07-01,Pessoas Físicas,13.17
2008-08-01,Pessoas Físicas,13.26
2008-09-01,Pessoas Físicas,13.29
2008-10-01,Pessoas Físicas,13.4
2008-11-01,Pessoas Físicas,13.26
2008-12-01,Pessoas Físicas,13.34
2009-01-01,Pessoas Físicas,13.35
2009-02-01,Pessoas Físicas,13.24
2009-03-01,Pessoas Físicas,13.32
2009-04-01,Pessoas Físicas,13.49
2009-05-01,Pessoas Físicas,13.79
2009-06-01,Pessoas Físicas,13.96
2009-07-01,Pessoas Físicas,14.07
2009-08-01,Pessoas Físicas,14.19
2009-09-01,Pessoas Físicas,14.35
2009-10-01,Pessoas Físicas,14.49
2009-11-01,Pessoas Físicas,14.55
2009-12-01,Pessoas Físicas,14.51
2010-01-01,Pessoas Físicas,14.46
2010-02-01,Pessoas Físicas,14.38
2010-03-01,Pessoas Físicas,14.44
2010-04-01,Pessoas Físicas,14.43
2010-05-01,Pessoas Físicas,14.52
2010-06-01,Pessoas Físicas,14.47
2010-07-01,Pessoas Físicas,14.6
2010-08-01,Pessoas Físicas,14.65
2010-09-01,Pessoas Físicas,14.69
2010-10-01,Pessoas Físicas,14.73
2010-11-01,Pessoas Físicas,14.88
2010-12-01,Pessoas Físicas,15.07
2011-01-01,Pessoas Físicas,15.06
2011-02-01,Pessoas Físicas,14.98
2011-03-01,Pessoas Físicas,14.94
2011-04-01,Pessoas Físicas,14.98
2011-05-01,Pessoas Físicas,15.03
2011-06-01,Pessoas Físicas,15.04
2011-07-01,Pessoas Físicas,15.1
2011-08-01,Pessoas Físicas,15.2
2011-09-01,Pessoas Físicas,15.26
2011-10-01,Pessoas Físicas,15.31
2011-11-01,Pessoas Físicas,15.41
2011-12-01,Pessoas Físicas,15.49
2012-01-01,Pessoas Físicas,15.57
2012-02-01,Pessoas Físicas,15.54
2012-03-01,Pessoas Físicas,15.55
2012-04-01,Pessoas Físicas,15.6
2012-05-01,Pessoas Físicas,15.76
2012-06-01,Pessoas Físicas,15.85
2012-07-01,Pessoas Físicas,15.92
2012-08-01,Pessoas Físicas,16.02
2012-09-01,Pessoas Físicas,15.91
2012-10-01,Pessoas Físicas,15.98
2012-11-01,Pessoas Físicas,16
2012-12-01,Pessoas Físicas,16.1
2013-01-01,Pessoas Físicas,16.05
2013-02-01,Pessoas Físicas,15.94
2013-03-01,Pessoas Físicas,16.03
2013-04-01,Pessoas Físicas,16.05
2013-05-01,Pessoas Físicas,16.09
2013-06-01,Pessoas Físicas,14.51
2013-07-01,Pessoas Físicas,14.53
2013-08-01,Pessoas Físicas,14.51
2013-09-01,Pessoas Físicas,14.46
2013-10-01,Pessoas Físicas,14.42
2013-11-01,Pessoas Físicas,14.38
2013-12-01,Pessoas Físicas,14.4
2014-01-01,Pessoas Físicas,14.36
2014-02-01,Pessoas Físicas,14.18
2014-03-01,Pessoas Físicas,14.11
2014-04-01,Pessoas Físicas,14.06
2014-05-01,Pessoas Físicas,14.05
2014-06-01,Pessoas Físicas,14.04
2014-07-01,Pessoas Físicas,13.97
2014-08-01,Pessoas Físicas,13.94
2014-09-01,Pessoas Físicas,13.87
2014-10-01,Pessoas Físicas,13.89
2014-11-01,Pessoas Físicas,13.84
2014-12-01,Pessoas Físicas,13.98
1995-07-01,Crédito Total do Sist. Financeiro,36.6
1995-08-01,Crédito Total do Sist. Financeiro,35.82
1995-09-01,Crédito Total do Sist. Financeiro,35.64
1995-10-01,Crédito Total do Sist. Financeiro,35.21
1995-11-01,Crédito Total do Sist. Financeiro,34.8
1995-12-01,Crédito Total do Sist. Financeiro,33.8
1996-01-01,Crédito Total do Sist. Financeiro,32.82
1996-02-01,Crédito Total do Sist. Financeiro,32.71
1996-03-01,Crédito Total do Sist. Financeiro,33.12
1996-04-01,Crédito Total do Sist. Financeiro,32.96
1996-05-01,Crédito Total do Sist. Financeiro,32.51
1996-06-01,Crédito Total do Sist. Financeiro,32.12
1996-07-01,Crédito Total do Sist. Financeiro,31.48
1996-08-01,Crédito Total do Sist. Financeiro,30.83
1996-09-01,Crédito Total do Sist. Financeiro,30.6
1996-10-01,Crédito Total do Sist. Financeiro,30.55
1996-11-01,Crédito Total do Sist. Financeiro,29.98
1996-12-01,Crédito Total do Sist. Financeiro,29.54
1997-01-01,Crédito Total do Sist. Financeiro,29.34
1997-02-01,Crédito Total do Sist. Financeiro,29.34
1997-03-01,Crédito Total do Sist. Financeiro,29.39
1997-04-01,Crédito Total do Sist. Financeiro,29.43
1997-05-01,Crédito Total do Sist. Financeiro,29.64
1997-06-01,Crédito Total do Sist. Financeiro,29.87
1997-07-01,Crédito Total do Sist. Financeiro,30.08
1997-08-01,Crédito Total do Sist. Financeiro,30.32
1997-09-01,Crédito Total do Sist. Financeiro,30.48
1997-10-01,Crédito Total do Sist. Financeiro,30.61
1997-11-01,Crédito Total do Sist. Financeiro,30.72
1997-12-01,Crédito Total do Sist. Financeiro,27.28
1998-01-01,Crédito Total do Sist. Financeiro,27.18
1998-02-01,Crédito Total do Sist. Financeiro,27.6
1998-03-01,Crédito Total do Sist. Financeiro,27.28
1998-04-01,Crédito Total do Sist. Financeiro,27.27
1998-05-01,Crédito Total do Sist. Financeiro,27.25
1998-06-01,Crédito Total do Sist. Financeiro,27.04
1998-07-01,Crédito Total do Sist. Financeiro,26.88
1998-08-01,Crédito Total do Sist. Financeiro,26.9
1998-09-01,Crédito Total do Sist. Financeiro,27.14
1998-10-01,Crédito Total do Sist. Financeiro,27.15
1998-11-01,Crédito Total do Sist. Financeiro,27.86
1998-12-01,Crédito Total do Sist. Financeiro,27.62
1999-01-01,Crédito Total do Sist. Financeiro,28.45
1999-02-01,Crédito Total do Sist. Financeiro,28.59
1999-03-01,Crédito Total do Sist. Financeiro,27.63
1999-04-01,Crédito Total do Sist. Financeiro,27.21
1999-05-01,Crédito Total do Sist. Financeiro,27.26
1999-06-01,Crédito Total do Sist. Financeiro,27.09
1999-07-01,Crédito Total do Sist. Financeiro,27.17
1999-08-01,Crédito Total do Sist. Financeiro,27.23
1999-09-01,Crédito Total do Sist. Financeiro,27.4
1999-10-01,Crédito Total do Sist. Financeiro,27.66
1999-11-01,Crédito Total do Sist. Financeiro,27.6
1999-12-01,Crédito Total do Sist. Financeiro,26.52
2000-01-01,Crédito Total do Sist. Financeiro,26.31
2000-02-01,Crédito Total do Sist. Financeiro,25.9
2000-03-01,Crédito Total do Sist. Financeiro,25.68
2000-04-01,Crédito Total do Sist. Financeiro,26.09
2000-05-01,Crédito Total do Sist. Financeiro,27.7
2000-06-01,Crédito Total do Sist. Financeiro,26.98
2000-07-01,Crédito Total do Sist. Financeiro,26.94
2000-08-01,Crédito Total do Sist. Financeiro,26.67
2000-09-01,Crédito Total do Sist. Financeiro,26.32
2000-10-01,Crédito Total do Sist. Financeiro,26.43
2000-11-01,Crédito Total do Sist. Financeiro,26.91
2000-12-01,Crédito Total do Sist. Financeiro,27.26
2001-01-01,Crédito Total do Sist. Financeiro,27.02
2001-02-01,Crédito Total do Sist. Financeiro,27.51
2001-03-01,Crédito Total do Sist. Financeiro,27.86
2001-04-01,Crédito Total do Sist. Financeiro,27.95
2001-05-01,Crédito Total do Sist. Financeiro,28.17
2001-06-01,Crédito Total do Sist. Financeiro,25.25
2001-07-01,Crédito Total do Sist. Financeiro,25.5
2001-08-01,Crédito Total do Sist. Financeiro,25.93
2001-09-01,Crédito Total do Sist. Financeiro,26.42
2001-10-01,Crédito Total do Sist. Financeiro,26.46
2001-11-01,Crédito Total do Sist. Financeiro,26.36
2001-12-01,Crédito Total do Sist. Financeiro,25.57
2002-01-01,Crédito Total do Sist. Financeiro,25.48
2002-02-01,Crédito Total do Sist. Financeiro,25.46
2002-03-01,Crédito Total do Sist. Financeiro,25.36
2002-04-01,Crédito Total do Sist. Financeiro,25.37
2002-05-01,Crédito Total do Sist. Financeiro,25.51
2002-06-01,Crédito Total do Sist. Financeiro,25.74
2002-07-01,Crédito Total do Sist. Financeiro,25.94
2002-08-01,Crédito Total do Sist. Financeiro,25.33
2002-09-01,Crédito Total do Sist. Financeiro,26.58
2002-10-01,Crédito Total do Sist. Financeiro,26.05
2002-11-01,Crédito Total do Sist. Financeiro,25.95
2002-12-01,Crédito Total do Sist. Financeiro,25.82
2003-01-01,Crédito Total do Sist. Financeiro,25.57
2003-02-01,Crédito Total do Sist. Financeiro,25.49
2003-03-01,Crédito Total do Sist. Financeiro,25.07
2003-04-01,Crédito Total do Sist. Financeiro,24.5
2003-05-01,Crédito Total do Sist. Financeiro,24.44
2003-06-01,Crédito Total do Sist. Financeiro,24.36
2003-07-01,Crédito Total do Sist. Financeiro,24.15
2003-08-01,Crédito Total do Sist. Financeiro,24.05
2003-09-01,Crédito Total do Sist. Financeiro,24.02
2003-10-01,Crédito Total do Sist. Financeiro,24.04
2003-11-01,Crédito Total do Sist. Financeiro,24.38
2003-12-01,Crédito Total do Sist. Financeiro,24.35
2004-01-01,Crédito Total do Sist. Financeiro,24.07
2004-02-01,Crédito Total do Sist. Financeiro,24.09
2004-03-01,Crédito Total do Sist. Financeiro,23.98
2004-04-01,Crédito Total do Sist. Financeiro,24.45
2004-05-01,Crédito Total do Sist. Financeiro,24.76
2004-06-01,Crédito Total do Sist. Financeiro,24.77
2004-07-01,Crédito Total do Sist. Financeiro,24.67
2004-08-01,Crédito Total do Sist. Financeiro,24.73
2004-09-01,Crédito Total do Sist. Financeiro,25.01
2004-10-01,Crédito Total do Sist. Financeiro,25.51
2004-11-01,Crédito Total do Sist. Financeiro,25.52
2004-12-01,Crédito Total do Sist. Financeiro,25.47
2005-01-01,Crédito Total do Sist. Financeiro,25.58
2005-02-01,Crédito Total do Sist. Financeiro,25.65
2005-03-01,Crédito Total do Sist. Financeiro,25.85
2005-04-01,Crédito Total do Sist. Financeiro,26.07
2005-05-01,Crédito Total do Sist. Financeiro,26.03
2005-06-01,Crédito Total do Sist. Financeiro,26.2
2005-07-01,Crédito Total do Sist. Financeiro,26.4
2005-08-01,Crédito Total do Sist. Financeiro,26.6
2005-09-01,Crédito Total do Sist. Financeiro,26.7
2005-10-01,Crédito Total do Sist. Financeiro,27.01
2005-11-01,Crédito Total do Sist. Financeiro,27.44
2005-12-01,Crédito Total do Sist. Financeiro,27.97
2006-01-01,Crédito Total do Sist. Financeiro,27.76
2006-02-01,Crédito Total do Sist. Financeiro,27.85
2006-03-01,Crédito Total do Sist. Financeiro,28.12
2006-04-01,Crédito Total do Sist. Financeiro,28.55
2006-05-01,Crédito Total do Sist. Financeiro,29.03
2006-06-01,Crédito Total do Sist. Financeiro,28.99
2006-07-01,Crédito Total do Sist. Financeiro,29.18
2006-08-01,Crédito Total do Sist. Financeiro,29.1
2006-09-01,Crédito Total do Sist. Financeiro,29.29
2006-10-01,Crédito Total do Sist. Financeiro,29.54
2006-11-01,Crédito Total do Sist. Financeiro,30.04
2006-12-01,Crédito Total do Sist. Financeiro,30.4
2007-01-01,Crédito Total do Sist. Financeiro,30.33
2007-02-01,Crédito Total do Sist. Financeiro,30.44
2007-03-01,Crédito Total do Sist. Financeiro,30.66
2007-04-01,Crédito Total do Sist. Financeiro,31.07
2007-05-01,Crédito Total do Sist. Financeiro,31.16
2007-06-01,Crédito Total do Sist. Financeiro,31.28
2007-07-01,Crédito Total do Sist. Financeiro,31.68
2007-08-01,Crédito Total do Sist. Financeiro,32.35
2007-09-01,Crédito Total do Sist. Financeiro,32.67
2007-10-01,Crédito Total do Sist. Financeiro,33.21
2007-11-01,Crédito Total do Sist. Financeiro,34.04
2007-12-01,Crédito Total do Sist. Financeiro,34.7
2008-01-01,Crédito Total do Sist. Financeiro,34.72
2008-02-01,Crédito Total do Sist. Financeiro,34.85
2008-03-01,Crédito Total do Sist. Financeiro,35.76
2008-04-01,Crédito Total do Sist. Financeiro,36.23
2008-05-01,Crédito Total do Sist. Financeiro,36.81
2008-06-01,Crédito Total do Sist. Financeiro,37.14
2008-07-01,Crédito Total do Sist. Financeiro,37.17
2008-08-01,Crédito Total do Sist. Financeiro,37.59
2008-09-01,Crédito Total do Sist. Financeiro,38.43
2008-10-01,Crédito Total do Sist. Financeiro,39
2008-11-01,Crédito Total do Sist. Financeiro,39.37
2008-12-01,Crédito Total do Sist. Financeiro,39.68
2009-01-01,Crédito Total do Sist. Financeiro,39.56
2009-02-01,Crédito Total do Sist. Financeiro,39.4
2009-03-01,Crédito Total do Sist. Financeiro,39.58
2009-04-01,Crédito Total do Sist. Financeiro,39.64
2009-05-01,Crédito Total do Sist. Financeiro,39.87
2009-06-01,Crédito Total do Sist. Financeiro,40.24
2009-07-01,Crédito Total do Sist. Financeiro,41.11
2009-08-01,Crédito Total do Sist. Financeiro,41.53
2009-09-01,Crédito Total do Sist. Financeiro,41.92
2009-10-01,Crédito Total do Sist. Financeiro,42.23
2009-11-01,Crédito Total do Sist. Financeiro,42.42
2009-12-01,Crédito Total do Sist. Financeiro,42.62
2010-01-01,Crédito Total do Sist. Financeiro,42.42
2010-02-01,Crédito Total do Sist. Financeiro,42.23
2010-03-01,Crédito Total do Sist. Financeiro,42.1
2010-04-01,Crédito Total do Sist. Financeiro,41.99
2010-05-01,Crédito Total do Sist. Financeiro,42.31
2010-06-01,Crédito Total do Sist. Financeiro,42.63
2010-07-01,Crédito Total do Sist. Financeiro,42.63
2010-08-01,Crédito Total do Sist. Financeiro,42.96
2010-09-01,Crédito Total do Sist. Financeiro,43.25
2010-10-01,Crédito Total do Sist. Financeiro,43.56
2010-11-01,Crédito Total do Sist. Financeiro,43.86
2010-12-01,Crédito Total do Sist. Financeiro,44.08
2011-01-01,Crédito Total do Sist. Financeiro,43.73
2011-02-01,Crédito Total do Sist. Financeiro,43.76
2011-03-01,Crédito Total do Sist. Financeiro,43.82
2011-04-01,Crédito Total do Sist. Financeiro,43.95
2011-05-01,Crédito Total do Sist. Financeiro,44.11
2011-06-01,Crédito Total do Sist. Financeiro,44.25
2011-07-01,Crédito Total do Sist. Financeiro,44.33
2011-08-01,Crédito Total do Sist. Financeiro,44.66
2011-09-01,Crédito Total do Sist. Financeiro,45.3
2011-10-01,Crédito Total do Sist. Financeiro,45.29
2011-11-01,Crédito Total do Sist. Financeiro,45.82
2011-12-01,Crédito Total do Sist. Financeiro,46.48
2012-01-01,Crédito Total do Sist. Financeiro,46.1
2012-02-01,Crédito Total do Sist. Financeiro,45.93
2012-03-01,Crédito Total do Sist. Financeiro,46.31
2012-04-01,Crédito Total do Sist. Financeiro,46.58
2012-05-01,Crédito Total do Sist. Financeiro,47
2012-06-01,Crédito Total do Sist. Financeiro,47.43
2012-07-01,Crédito Total do Sist. Financeiro,47.39
2012-08-01,Crédito Total do Sist. Financeiro,47.52
2012-09-01,Crédito Total do Sist. Financeiro,47.72
2012-10-01,Crédito Total do Sist. Financeiro,47.94
2012-11-01,Crédito Total do Sist. Financeiro,48.31
2012-12-01,Crédito Total do Sist. Financeiro,49.19
2013-01-01,Crédito Total do Sist. Financeiro,48.67
2013-02-01,Crédito Total do Sist. Financeiro,48.72
2013-03-01,Crédito Total do Sist. Financeiro,49.26
2013-04-01,Crédito Total do Sist. Financeiro,49.14
2013-05-01,Crédito Total do Sist. Financeiro,49.52
2013-06-01,Crédito Total do Sist. Financeiro,49.97
2013-07-01,Crédito Total do Sist. Financeiro,49.8
2013-08-01,Crédito Total do Sist. Financeiro,50.11
2013-09-01,Crédito Total do Sist. Financeiro,50.04
2013-10-01,Crédito Total do Sist. Financeiro,49.75
2013-11-01,Crédito Total do Sist. Financeiro,50.14
2013-12-01,Crédito Total do Sist. Financeiro,50.85
2014-01-01,Crédito Total do Sist. Financeiro,50.45
2014-02-01,Crédito Total do Sist. Financeiro,50.15
2014-03-01,Crédito Total do Sist. Financeiro,50.26
2014-04-01,Crédito Total do Sist. Financeiro,50.27
2014-05-01,Crédito Total do Sist. Financeiro,50.38
2014-06-01,Crédito Total do Sist. Financeiro,50.66
2014-07-01,Crédito Total do Sist. Financeiro,50.49
2014-08-01,Crédito Total do Sist. Financeiro,50.68
2014-09-01,Crédito Total do Sist. Financeiro,50.96
2014-10-01,Crédito Total do Sist. Financeiro,51.06
2014-11-01,Crédito Total do Sist. Financeiro,51.44
2014-12-01,Crédito Total do Sist. Financeiro,52.21
2015-01-01,Crédito Total do Sist. Financeiro,51.95
2015-02-01,Crédito Total do Sist. Financeiro,52.06
2015-03-01,Crédito Total do Sist. Financeiro,52.33
2015-04-01,Crédito Total do Sist. Financeiro,52.19
2015-05-01,Crédito Total do Sist. Financeiro,52.46
2015-06-01,Crédito Total do Sist. Financeiro,52.49
2015-07-01,Crédito Total do Sist. Financeiro,52.46
2015-08-01,Crédito Total do Sist. Financeiro,52.75
2015-09-01,Crédito Total do Sist. Financeiro,53.15
2015-10-01,Crédito Total do Sist. Financeiro,52.9
2015-11-01,Crédito Total do Sist. Financeiro,53.1
2015-12-01,Crédito Total do Sist. Financeiro,53.69
2016-01-01,Crédito Total do Sist. Financeiro,53.27
2016-02-01,Crédito Total do Sist. Financeiro,52.79
2016-03-01,Crédito Total do Sist. Financeiro,52.35
2016-04-01,Crédito Total do Sist. Financeiro,51.9
2016-05-01,Crédito Total do Sist. Financeiro,51.83
2016-06-01,Crédito Total do Sist. Financeiro,51.2
2016-07-01,Crédito Total do Sist. Financeiro,50.81
2016-08-01,Crédito Total do Sist. Financeiro,50.53
2016-09-01,Crédito Total do Sist. Financeiro,50.34
2016-10-01,Crédito Total do Sist. Financeiro,50.03
2016-11-01,Crédito Total do Sist. Financeiro,49.95
2016-12-01,Crédito Total do Sist. Financeiro,49.63
2017-01-01,Crédito Total do Sist. Financeiro,48.83
2017-02-01,Crédito Total do Sist. Financeiro,48.6
2017-03-01,Crédito Total do Sist. Financeiro,48.51
2017-04-01,Crédito Total do Sist. Financeiro,48.26
2017-05-01,Crédito Total do Sist. Financeiro,47.91
2017-06-01,Crédito Total do Sist. Financeiro,47.92
2017-07-01,Crédito Total do Sist. Financeiro,47.35
2017-08-01,Crédito Total do Sist. Financeiro,47.16
2017-09-01,Crédito Total do Sist. Financeiro,47.02
2017-10-01,Crédito Total do Sist. Financeiro,46.93
2017-11-01,Crédito Total do Sist. Financeiro,46.93
2017-12-01,Crédito Total do Sist. Financeiro,47.13
2018-01-01,Crédito Total do Sist. Financeiro,46.58
2018-02-01,Crédito Total do Sist. Financeiro,46.38
2018-03-01,Crédito Total do Sist. Financeiro,46.58
2018-04-01,Crédito Total do Sist. Financeiro,46.47
2018-05-01,Crédito Total do Sist. Financeiro,46.7
2018-06-01,Crédito Total do Sist. Financeiro,46.87
2018-07-01,Crédito Total do Sist. Financeiro,46.5
2018-08-01,Crédito Total do Sist. Financeiro,46.7
2011-03-01,Créd. do Sist. Fin. Privado Nacional,17.83
2011-04-01,Créd. do Sist. Fin. Privado Nacional,17.92
2011-05-01,Créd. do Sist. Fin. Privado Nacional,18.04
2011-06-01,Créd. do Sist. Fin. Privado Nacional,18.04
2011-07-01,Créd. do Sist. Fin. Privado Nacional,18.03
2011-08-01,Créd. do Sist. Fin. Privado Nacional,18.06
2011-09-01,Créd. do Sist. Fin. Privado Nacional,18.15
2011-10-01,Créd. do Sist. Fin. Privado Nacional,18.16
2011-11-01,Créd. do Sist. Fin. Privado Nacional,18.18
2011-12-01,Créd. do Sist. Fin. Privado Nacional,18.12
2012-01-01,Créd. do Sist. Fin. Privado Nacional,17.96
2012-02-01,Créd. do Sist. Fin. Privado Nacional,17.86
2012-03-01,Créd. do Sist. Fin. Privado Nacional,17.91
2012-04-01,Créd. do Sist. Fin. Privado Nacional,17.9
2012-05-01,Créd. do Sist. Fin. Privado Nacional,17.94
2012-06-01,Créd. do Sist. Fin. Privado Nacional,17.92
2012-07-01,Créd. do Sist. Fin. Privado Nacional,17.74
2012-08-01,Créd. do Sist. Fin. Privado Nacional,17.71
2012-09-01,Créd. do Sist. Fin. Privado Nacional,17.6
2012-10-01,Créd. do Sist. Fin. Privado Nacional,17.48
2012-11-01,Créd. do Sist. Fin. Privado Nacional,17.51
2012-12-01,Créd. do Sist. Fin. Privado Nacional,17.59
2013-01-01,Créd. do Sist. Fin. Privado Nacional,17.33
2013-02-01,Créd. do Sist. Fin. Privado Nacional,17.34
2013-03-01,Créd. do Sist. Fin. Privado Nacional,17.46
2013-04-01,Créd. do Sist. Fin. Privado Nacional,17.25
2013-05-01,Créd. do Sist. Fin. Privado Nacional,17.27
2013-06-01,Créd. do Sist. Fin. Privado Nacional,17.06
2013-07-01,Créd. do Sist. Fin. Privado Nacional,16.91
2013-08-01,Créd. do Sist. Fin. Privado Nacional,16.94
2013-09-01,Créd. do Sist. Fin. Privado Nacional,16.89
2013-10-01,Créd. do Sist. Fin. Privado Nacional,16.72
2013-11-01,Créd. do Sist. Fin. Privado Nacional,16.78
2013-12-01,Créd. do Sist. Fin. Privado Nacional,16.86
2014-01-01,Créd. do Sist. Fin. Privado Nacional,16.63
2014-02-01,Créd. do Sist. Fin. Privado Nacional,16.5
2014-03-01,Créd. do Sist. Fin. Privado Nacional,16.41
2014-04-01,Créd. do Sist. Fin. Privado Nacional,16.3
2014-05-01,Créd. do Sist. Fin. Privado Nacional,16.4
2014-06-01,Créd. do Sist. Fin. Privado Nacional,16.39
2014-07-01,Créd. do Sist. Fin. Privado Nacional,16.27
2014-08-01,Créd. do Sist. Fin. Privado Nacional,16.27
2014-09-01,Créd. do Sist. Fin. Privado Nacional,16.12
2014-10-01,Créd. do Sist. Fin. Privado Nacional,16.21
2014-11-01,Créd. do Sist. Fin. Privado Nacional,16.28
2014-12-01,Créd. do Sist. Fin. Privado Nacional,16.49
2015-01-01,Créd. do Sist. Fin. Privado Nacional,16.33
2015-02-01,Créd. do Sist. Fin. Privado Nacional,16.23
2015-03-01,Créd. do Sist. Fin. Privado Nacional,16.18
2015-04-01,Créd. do Sist. Fin. Privado Nacional,16.05
2015-05-01,Créd. do Sist. Fin. Privado Nacional,16.03
2015-06-01,Créd. do Sist. Fin. Privado Nacional,15.99
2015-07-01,Créd. do Sist. Fin. Privado Nacional,15.87
2015-08-01,Créd. do Sist. Fin. Privado Nacional,15.9
2015-09-01,Créd. do Sist. Fin. Privado Nacional,15.88
2015-10-01,Créd. do Sist. Fin. Privado Nacional,15.65
2015-11-01,Créd. do Sist. Fin. Privado Nacional,15.7
2015-12-01,Créd. do Sist. Fin. Privado Nacional,15.81
2016-01-01,Créd. do Sist. Fin. Privado Nacional,15.59
2016-02-01,Créd. do Sist. Fin. Privado Nacional,15.4
2016-03-01,Créd. do Sist. Fin. Privado Nacional,15.25
2016-04-01,Créd. do Sist. Fin. Privado Nacional,15.12
2016-05-01,Créd. do Sist. Fin. Privado Nacional,15.03
2016-06-01,Créd. do Sist. Fin. Privado Nacional,14.9
2016-07-01,Créd. do Sist. Fin. Privado Nacional,15.67
2016-08-01,Créd. do Sist. Fin. Privado Nacional,15.6
2016-09-01,Créd. do Sist. Fin. Privado Nacional,15.61
2016-10-01,Créd. do Sist. Fin. Privado Nacional,15.61
2016-11-01,Créd. do Sist. Fin. Privado Nacional,15.56
2016-12-01,Créd. do Sist. Fin. Privado Nacional,15.61
2017-01-01,Créd. do Sist. Fin. Privado Nacional,15.32
2017-02-01,Créd. do Sist. Fin. Privado Nacional,15.23
2017-03-01,Créd. do Sist. Fin. Privado Nacional,15.17
2017-04-01,Créd. do Sist. Fin. Privado Nacional,15.06
2017-05-01,Créd. do Sist. Fin. Privado Nacional,14.92
2017-06-01,Créd. do Sist. Fin. Privado Nacional,14.9
2017-07-01,Créd. do Sist. Fin. Privado Nacional,14.73
2017-08-01,Créd. do Sist. Fin. Privado Nacional,14.72
2017-09-01,Créd. do Sist. Fin. Privado Nacional,14.73
2017-10-01,Créd. do Sist. Fin. Privado Nacional,14.8
2017-11-01,Créd. do Sist. Fin. Privado Nacional,14.92
2017-12-01,Créd. do Sist. Fin. Privado Nacional,15.16
2018-01-01,Créd. do Sist. Fin. Privado Nacional,15.01
2018-02-01,Créd. do Sist. Fin. Privado Nacional,14.95
2018-03-01,Créd. do Sist. Fin. Privado Nacional,15.11
2018-04-01,Créd. do Sist. Fin. Privado Nacional,15.1
2018-05-01,Créd. do Sist. Fin. Privado Nacional,15.26
2018-06-01,Créd. do Sist. Fin. Privado Nacional,15.38
2018-07-01,Créd. do Sist. Fin. Privado Nacional,15.31
2018-08-01,Créd. do Sist. Fin. Privado Nacional,15.37
2011-03-01,Créd. do Sist. Fin. Estrangeiro,7.61
2011-04-01,Créd. do Sist. Fin. Estrangeiro,7.63
2011-05-01,Créd. do Sist. Fin. Estrangeiro,7.65
2011-06-01,Créd. do Sist. Fin. Estrangeiro,7.66
2011-07-01,Créd. do Sist. Fin. Estrangeiro,7.65
2011-08-01,Créd. do Sist. Fin. Estrangeiro,7.72
2011-09-01,Créd. do Sist. Fin. Estrangeiro,7.87
2011-10-01,Créd. do Sist. Fin. Estrangeiro,7.9
2011-11-01,Créd. do Sist. Fin. Estrangeiro,7.97
2011-12-01,Créd. do Sist. Fin. Estrangeiro,8.08
2012-01-01,Créd. do Sist. Fin. Estrangeiro,8
2012-02-01,Créd. do Sist. Fin. Estrangeiro,7.94
2012-03-01,Créd. do Sist. Fin. Estrangeiro,8
2012-04-01,Créd. do Sist. Fin. Estrangeiro,8.02
2012-05-01,Créd. do Sist. Fin. Estrangeiro,8.03
2012-06-01,Créd. do Sist. Fin. Estrangeiro,8.05
2012-07-01,Créd. do Sist. Fin. Estrangeiro,8.03
2012-08-01,Créd. do Sist. Fin. Estrangeiro,7.98
2012-09-01,Créd. do Sist. Fin. Estrangeiro,8
2012-10-01,Créd. do Sist. Fin. Estrangeiro,7.97
2012-11-01,Créd. do Sist. Fin. Estrangeiro,8
2012-12-01,Créd. do Sist. Fin. Estrangeiro,8.04
2013-01-01,Créd. do Sist. Fin. Estrangeiro,7.87
2013-02-01,Créd. do Sist. Fin. Estrangeiro,7.81
2013-03-01,Créd. do Sist. Fin. Estrangeiro,7.83
2013-04-01,Créd. do Sist. Fin. Estrangeiro,7.75
2013-05-01,Créd. do Sist. Fin. Estrangeiro,7.77
2013-06-01,Créd. do Sist. Fin. Estrangeiro,7.79
2013-07-01,Créd. do Sist. Fin. Estrangeiro,7.72
2013-08-01,Créd. do Sist. Fin. Estrangeiro,7.77
2013-09-01,Créd. do Sist. Fin. Estrangeiro,7.83
2013-10-01,Créd. do Sist. Fin. Estrangeiro,7.79
2013-11-01,Créd. do Sist. Fin. Estrangeiro,7.82
2013-12-01,Créd. do Sist. Fin. Estrangeiro,7.91
2014-01-01,Créd. do Sist. Fin. Estrangeiro,7.72
2014-02-01,Créd. do Sist. Fin. Estrangeiro,7.64
2014-03-01,Créd. do Sist. Fin. Estrangeiro,7.7
2014-04-01,Créd. do Sist. Fin. Estrangeiro,7.66
2014-05-01,Créd. do Sist. Fin. Estrangeiro,7.52
2014-06-01,Créd. do Sist. Fin. Estrangeiro,7.51
2014-07-01,Créd. do Sist. Fin. Estrangeiro,7.42
2014-08-01,Créd. do Sist. Fin. Estrangeiro,7.45
2014-09-01,Créd. do Sist. Fin. Estrangeiro,7.65
2014-10-01,Créd. do Sist. Fin. Estrangeiro,7.48
2014-11-01,Créd. do Sist. Fin. Estrangeiro,7.52
2014-12-01,Créd. do Sist. Fin. Estrangeiro,7.63
2015-01-01,Créd. do Sist. Fin. Estrangeiro,7.5
2015-02-01,Créd. do Sist. Fin. Estrangeiro,7.54
2015-03-01,Créd. do Sist. Fin. Estrangeiro,7.61
2015-04-01,Créd. do Sist. Fin. Estrangeiro,7.59
2015-05-01,Créd. do Sist. Fin. Estrangeiro,7.61
2015-06-01,Créd. do Sist. Fin. Estrangeiro,7.65
2015-07-01,Créd. do Sist. Fin. Estrangeiro,7.57
2015-08-01,Créd. do Sist. Fin. Estrangeiro,7.59
2015-09-01,Créd. do Sist. Fin. Estrangeiro,7.66
2015-10-01,Créd. do Sist. Fin. Estrangeiro,7.75
2015-11-01,Créd. do Sist. Fin. Estrangeiro,7.8
2015-12-01,Créd. do Sist. Fin. Estrangeiro,7.92
2016-01-01,Créd. do Sist. Fin. Estrangeiro,7.67
2016-02-01,Créd. do Sist. Fin. Estrangeiro,7.6
2016-03-01,Créd. do Sist. Fin. Estrangeiro,7.53
2016-04-01,Créd. do Sist. Fin. Estrangeiro,7.42
2016-05-01,Créd. do Sist. Fin. Estrangeiro,7.41
2016-06-01,Créd. do Sist. Fin. Estrangeiro,7.31
2016-07-01,Créd. do Sist. Fin. Estrangeiro,6.32
2016-08-01,Créd. do Sist. Fin. Estrangeiro,6.3
2016-09-01,Créd. do Sist. Fin. Estrangeiro,6.29
2016-10-01,Créd. do Sist. Fin. Estrangeiro,6.29
2016-11-01,Créd. do Sist. Fin. Estrangeiro,6.32
2016-12-01,Créd. do Sist. Fin. Estrangeiro,6.38
2017-01-01,Créd. do Sist. Fin. Estrangeiro,6.23
2017-02-01,Créd. do Sist. Fin. Estrangeiro,6.26
2017-03-01,Créd. do Sist. Fin. Estrangeiro,6.31
2017-04-01,Créd. do Sist. Fin. Estrangeiro,6.25
2017-05-01,Créd. do Sist. Fin. Estrangeiro,6.2
2017-06-01,Créd. do Sist. Fin. Estrangeiro,6.25
2017-07-01,Créd. do Sist. Fin. Estrangeiro,6.2
2017-08-01,Créd. do Sist. Fin. Estrangeiro,6.24
2017-09-01,Créd. do Sist. Fin. Estrangeiro,6.31
2017-10-01,Créd. do Sist. Fin. Estrangeiro,6.25
2017-11-01,Créd. do Sist. Fin. Estrangeiro,6.29
2017-12-01,Créd. do Sist. Fin. Estrangeiro,6.47
2018-01-01,Créd. do Sist. Fin. Estrangeiro,6.36
2018-02-01,Créd. do Sist. Fin. Estrangeiro,6.38
2018-03-01,Créd. do Sist. Fin. Estrangeiro,6.5
2018-04-01,Créd. do Sist. Fin. Estrangeiro,6.54
2018-05-01,Créd. do Sist. Fin. Estrangeiro,6.58
2018-06-01,Créd. do Sist. Fin. Estrangeiro,6.65
2018-07-01,Créd. do Sist. Fin. Estrangeiro,6.62
2018-08-01,Créd. do Sist. Fin. Estrangeiro,6.76
